{"errors":[],"warnings":[],"namedChunkGroups":{"polyfill":{"chunks":[1,7],"assets":["webpack-runtime-8ae18043f30e65611c26.js","webpack-runtime-8ae18043f30e65611c26.js.map","polyfill-092c4c6a41bb38cca3d9.js","polyfill-092c4c6a41bb38cca3d9.js.map"],"children":{},"childAssets":{}},"app":{"chunks":[1,6,2],"assets":["webpack-runtime-8ae18043f30e65611c26.js","webpack-runtime-8ae18043f30e65611c26.js.map","framework-d585a04b7d285a7760d6.js","framework-d585a04b7d285a7760d6.js.map","app-89055f4fe1f2924d5a6a.js","app-89055f4fe1f2924d5a6a.js.map"],"children":{},"childAssets":{}},"component---cache-caches-gatsby-plugin-offline-app-shell-js":{"chunks":[3],"assets":["component---cache-caches-gatsby-plugin-offline-app-shell-js-16703ee5599528db9f93.js","component---cache-caches-gatsby-plugin-offline-app-shell-js-16703ee5599528db9f93.js.map"],"children":{},"childAssets":{}},"component---src-pages-404-js":{"chunks":[0,4],"assets":["e50e9c162871c1d91fba5ce567a5656e16dc6783-287a0a8132b255fc71eb.js","e50e9c162871c1d91fba5ce567a5656e16dc6783-287a0a8132b255fc71eb.js.map","component---src-pages-404-js-2fa24b638affa4665f4e.js","component---src-pages-404-js-2fa24b638affa4665f4e.js.map"],"children":{},"childAssets":{}},"component---src-pages-index-js":{"chunks":[0,5],"assets":["e50e9c162871c1d91fba5ce567a5656e16dc6783-287a0a8132b255fc71eb.js","e50e9c162871c1d91fba5ce567a5656e16dc6783-287a0a8132b255fc71eb.js.map","component---src-pages-index-js-4fe936969c21ada57a8e.js","component---src-pages-index-js-4fe936969c21ada57a8e.js.map"],"children":{},"childAssets":{}}},"assetsByChunkName":{"polyfill":["webpack-runtime-8ae18043f30e65611c26.js","polyfill-092c4c6a41bb38cca3d9.js"],"app":["webpack-runtime-8ae18043f30e65611c26.js","framework-d585a04b7d285a7760d6.js","app-89055f4fe1f2924d5a6a.js"],"component---cache-caches-gatsby-plugin-offline-app-shell-js":["component---cache-caches-gatsby-plugin-offline-app-shell-js-16703ee5599528db9f93.js"],"component---src-pages-404-js":["e50e9c162871c1d91fba5ce567a5656e16dc6783-287a0a8132b255fc71eb.js","component---src-pages-404-js-2fa24b638affa4665f4e.js"],"component---src-pages-index-js":["e50e9c162871c1d91fba5ce567a5656e16dc6783-287a0a8132b255fc71eb.js","component---src-pages-index-js-4fe936969c21ada57a8e.js"]}}