{"errors":[],"warnings":[],"namedChunkGroups":{"app":{"chunks":[5,0,1],"assets":["webpack-runtime-2f7af7f97f39d0e673a7.js","webpack-runtime-2f7af7f97f39d0e673a7.js.map","commons-000b159fd9ab3066f7fd.js","commons-000b159fd9ab3066f7fd.js.map","app-2b33c89ce4354d3886be.js","app-2b33c89ce4354d3886be.js.map"],"children":{},"childAssets":{}},"component---node-modules-gatsby-plugin-offline-app-shell-js":{"chunks":[2],"assets":["component---node-modules-gatsby-plugin-offline-app-shell-js-addb63078c517fa81679.js","component---node-modules-gatsby-plugin-offline-app-shell-js-addb63078c517fa81679.js.map"],"children":{},"childAssets":{}},"component---src-pages-404-js":{"chunks":[0,3],"assets":["commons-000b159fd9ab3066f7fd.js","commons-000b159fd9ab3066f7fd.js.map","component---src-pages-404-js-f5b9fc162ff327210324.js","component---src-pages-404-js-f5b9fc162ff327210324.js.map"],"children":{},"childAssets":{}},"component---src-pages-index-js":{"chunks":[0,4],"assets":["commons-000b159fd9ab3066f7fd.js","commons-000b159fd9ab3066f7fd.js.map","component---src-pages-index-js-fc9f6add191fb0f46cdb.js","component---src-pages-index-js-fc9f6add191fb0f46cdb.js.map"],"children":{},"childAssets":{}}},"assetsByChunkName":{"app":["webpack-runtime-2f7af7f97f39d0e673a7.js","commons-000b159fd9ab3066f7fd.js","app-2b33c89ce4354d3886be.js"],"component---node-modules-gatsby-plugin-offline-app-shell-js":["component---node-modules-gatsby-plugin-offline-app-shell-js-addb63078c517fa81679.js"],"component---src-pages-404-js":["commons-000b159fd9ab3066f7fd.js","component---src-pages-404-js-f5b9fc162ff327210324.js"],"component---src-pages-index-js":["commons-000b159fd9ab3066f7fd.js","component---src-pages-index-js-fc9f6add191fb0f46cdb.js"]}}